,id,first_name,last_name,email,gender,ip_address
0,1,Marjorie,Jerke,mjerke0@cdbaby.com,Female,60.218.42.127
1,2,Susy,Gannicott,sgannicott1@stumbleupon.com,Female,70.138.64.49
2,3,Jessamine,Russen,jrussen2@1688.com,Female,244.68.153.219
3,4,Yard,St Louis,ystlouis3@alibaba.com,Male,119.190.73.156
4,5,Gilberta,Blaisdell,gblaisdell4@sakura.ne.jp,Female,138.207.6.71
5,6,Aloise,Reynard,areynard5@mayoclinic.com,Female,170.81.255.110
6,7,Danica,Candey,dcandey6@yandex.ru,Female,181.207.140.163
7,8,Derry,Brydson,dbrydson7@china.com.cn,Male,28.61.138.203
8,9,Mirella,Deering,mdeering8@shinystat.com,Female,249.93.27.63
9,10,Tedi,Klimuk,tklimuk9@booking.com,Female,169.24.108.175
10,11,Sherlocke,Raw,srawa@cdc.gov,Male,57.251.209.177
11,12,Crystal,Earry,cearryb@constantcontact.com,Female,86.103.91.134
12,13,Elita,Anear,eanearc@businesswire.com,Female,99.157.167.188
13,14,Leisha,Everleigh,leverleighd@livejournal.com,Female,83.29.152.28
14,15,Lek,Happert,lhapperte@wikia.com,Male,0.156.164.41
15,16,Irena,Saunt,isauntf@php.net,Female,72.153.77.96
16,17,Jimmy,Esposito,jespositog@google.com.hk,Male,75.244.83.152
17,18,Kari,Keeling,kkeelingh@engadget.com,Female,118.78.50.205
18,19,Lyell,Brocklesby,lbrocklesbyi@statcounter.com,Male,231.224.51.46
19,20,Joceline,Jandak,jjandakj@networksolutions.com,Female,35.113.198.119
20,21,Cassandry,Diperaus,cdiperausk@bigcartel.com,Female,57.135.182.21
21,22,Jourdan,Cardiff,jcardiffl@mediafire.com,Female,172.24.59.47
22,23,Pernell,Lowndsborough,plowndsboroughm@weibo.com,Male,212.145.204.101
23,24,Marcelline,Russi,mrussin@bandcamp.com,Female,171.19.22.127
24,25,Lian,Fairbrass,lfairbrasso@accuweather.com,Female,93.221.202.138
25,26,Chere,Battabee,cbattabeep@yolasite.com,Female,10.65.153.151
26,27,Magnum,Lots,mlotsq@weebly.com,Male,244.37.235.173
27,28,Millicent,Hulburt,mhulburtr@parallels.com,Female,60.58.110.60
28,29,Eydie,Eddolls,eeddollss@soundcloud.com,Female,162.48.36.142
29,30,Waiter,Baybutt,wbaybuttt@slideshare.net,Male,121.25.20.55
30,31,Bartel,Hinz,bhinzu@businessinsider.com,Male,231.224.237.54
31,32,Artie,Gyse,agysev@wsj.com,Male,16.59.236.189
32,33,Stacey,Brokenshaw,sbrokenshaww@livejournal.com,Female,215.177.163.191
33,34,Edsel,Gumly,egumlyx@canalblog.com,Male,124.250.107.131
34,35,Barde,Ledward,bledwardy@sogou.com,Male,250.251.204.168
35,36,Noe,Bouzek,nbouzekz@cnet.com,Male,36.170.119.114
36,37,Violante,Osburn,vosburn10@goo.ne.jp,Female,137.225.154.42
37,38,Nickey,Ashburne,nashburne11@bloomberg.com,Male,116.49.155.253
38,39,Sonnnie,Macia,smacia12@java.com,Female,96.197.29.125
39,40,Dareen,Scamadine,dscamadine13@ucsd.edu,Female,38.49.195.156
40,41,Kevon,Denyagin,kdenyagin14@networksolutions.com,Male,45.233.131.200
41,42,Karlotta,Petticrew,kpetticrew15@tumblr.com,Female,88.57.31.203
42,43,Anderea,Alvarado,aalvarado16@weebly.com,Female,15.76.154.98
43,44,Elke,Parkman,eparkman17@opera.com,Female,32.40.182.173
44,45,Shalne,Brundill,sbrundill18@multiply.com,Female,83.244.150.178
45,46,Adiana,Berthomier,aberthomier19@linkedin.com,Female,39.201.20.61
46,47,Ailis,Jenik,ajenik1a@jigsy.com,Female,1.160.0.46
47,48,Hirsch,Chiswell,hchiswell1b@blogspot.com,Male,198.82.170.212
48,49,Denice,Gniewosz,dgniewosz1c@xrea.com,Female,232.29.10.248
49,50,Amelia,Pemble,apemble1d@histats.com,Female,157.30.92.225
50,51,Ulla,Draco,udraco1e@unblog.fr,Female,96.39.227.239
51,52,Korie,Fleury,kfleury1f@arstechnica.com,Female,162.24.149.143
52,53,Chandler,Gerram,cgerram1g@wiley.com,Male,47.54.227.233
53,54,Alonso,Molson,amolson1h@salon.com,Male,126.53.229.109
54,55,Tedman,Slym,tslym1i@globo.com,Male,96.55.160.142
55,56,Roze,Inger,ringer1j@ibm.com,Female,139.112.115.161
56,57,Kylie,Pedracci,kpedracci1k@wikimedia.org,Male,113.22.133.34
57,58,Loise,Pyzer,lpyzer1l@yandex.ru,Female,248.25.168.108
58,59,Mitchel,Sheals,msheals1m@aboutads.info,Male,105.16.131.27
59,60,Lou,Alberti,lalberti1n@netscape.com,Female,19.25.196.114
60,61,Delora,Kezourec,dkezourec1o@privacy.gov.au,Female,32.139.165.58
61,62,Carmelia,Fursland,cfursland1p@sun.com,Female,169.158.164.125
62,63,Tybie,Strowlger,tstrowlger1q@angelfire.com,Female,231.102.65.171
63,64,Corby,Gregoretti,cgregoretti1r@pbs.org,Male,66.196.144.128
64,65,Piggy,Danielian,pdanielian1s@g.co,Male,46.131.34.26
65,66,Eleni,Siggins,esiggins1t@youtube.com,Female,162.159.235.101
66,67,Finley,Pimblott,fpimblott1u@mac.com,Male,106.61.125.54
67,68,Olin,Behrendsen,obehrendsen1v@house.gov,Male,189.17.101.54
68,69,Demeter,Ferandez,dferandez1w@google.com.br,Female,150.205.125.57
69,70,Peadar,Knox,pknox1x@epa.gov,Male,81.63.190.5
70,71,Ernesta,Mayoral,emayoral1y@samsung.com,Female,216.171.147.185
71,72,Eleonora,Wordesworth,ewordesworth1z@ibm.com,Female,6.37.45.85
72,73,Frederic,Bernardes,fbernardes20@furl.net,Male,172.222.233.1
73,74,Babita,Brittan,bbrittan21@gravatar.com,Female,43.108.203.82
74,75,Marinna,O'Neil,moneil22@shareasale.com,Female,188.43.176.226
75,76,Titus,Ondrusek,tondrusek23@symantec.com,Male,29.175.12.246
76,77,Beaufort,Vasquez,bvasquez24@miitbeian.gov.cn,Male,94.191.63.250
77,78,Schuyler,Benallack,sbenallack25@abc.net.au,Male,219.2.91.210
78,79,Isadora,Eakens,ieakens26@webnode.com,Female,202.50.14.74
79,80,Angy,Dinsale,adinsale27@china.com.cn,Female,90.206.123.236
80,81,Federica,Fredson,ffredson28@github.io,Female,122.244.123.208
81,82,Alidia,Finnick,afinnick29@weebly.com,Female,29.109.2.69
82,83,Tasia,Dongles,tdongles2a@addthis.com,Female,232.20.66.67
83,84,Godfree,Schimpke,gschimpke2b@reddit.com,Male,17.174.6.111
84,85,Dulci,Coxwell,dcoxwell2c@reference.com,Female,122.66.33.103
85,86,Silvia,Butler,sbutler2d@sakura.ne.jp,Female,6.58.149.38
86,87,Ogdon,Coles,ocoles2e@wikia.com,Male,126.209.209.16
87,88,Danell,Fahrenbach,dfahrenbach2f@bloglines.com,Female,74.149.166.254
88,89,Ole,O'Gormley,oogormley2g@macromedia.com,Male,64.231.54.250
89,90,Louis,Peeke,lpeeke2h@artisteer.com,Male,104.51.100.28
90,91,Alwin,Cicerone,acicerone2i@github.io,Male,218.94.47.41
91,92,Phoebe,Yablsley,pyablsley2j@columbia.edu,Female,163.8.35.237
92,93,Virgina,Baile,vbaile2k@g.co,Female,31.227.212.182
93,94,Angus,Mum,amum2l@rakuten.co.jp,Male,205.171.63.105
94,95,Mary,Carren,mcarren2m@narod.ru,Female,59.246.238.243
95,96,Quintus,Das,qdas2n@meetup.com,Male,164.206.54.126
96,97,Nari,MacNair,nmacnair2o@photobucket.com,Female,94.102.36.94
97,98,Luciano,Terrans,lterrans2p@wufoo.com,Male,105.70.12.181
98,99,Morganica,Leades,mleades2q@amazon.de,Female,188.147.107.4
99,100,Merle,Guesford,mguesford2r@hexun.com,Female,117.74.170.184
100,101,Morie,Haylor,mhaylor2s@plala.or.jp,Male,199.3.77.242
101,102,Petra,Muggeridge,pmuggeridge2t@zdnet.com,Female,213.19.178.159
102,103,Ethyl,Elger,eelger2u@chron.com,Female,164.200.179.244
103,104,Valentia,Pryke,vpryke2v@deviantart.com,Female,60.228.170.7
104,105,Netta,Oswald,noswald2w@zdnet.com,Female,100.235.110.41
105,106,Corene,Presland,cpresland2x@toplist.cz,Female,188.136.32.122
106,107,Kellia,Reames,kreames2y@prweb.com,Female,191.103.193.8
107,108,Tomaso,Rosenstengel,trosenstengel2z@npr.org,Male,69.234.155.98
108,109,Fernandina,Erwin,ferwin30@tinypic.com,Female,187.96.125.69
109,110,Livvyy,Batkin,lbatkin31@stumbleupon.com,Female,111.115.67.39
110,111,Caz,Altofts,caltofts32@privacy.gov.au,Male,55.248.195.61
111,112,Lincoln,Lafuente,llafuente33@imdb.com,Male,143.140.83.241
112,113,Bradly,Massot,bmassot34@youtube.com,Male,246.175.254.29
113,114,Lyndsie,Cathee,lcathee35@jiathis.com,Female,54.74.178.169
114,115,Clywd,Dobbyn,cdobbyn36@wix.com,Male,158.191.69.3
115,116,Ashely,Galbreth,agalbreth37@smugmug.com,Female,227.217.197.68
116,117,Ruby,Prudham,rprudham38@nymag.com,Male,238.178.78.32
117,118,Pammi,Pennicard,ppennicard39@addthis.com,Female,234.125.35.8
118,119,Lizzy,Magill,lmagill3a@soundcloud.com,Female,172.129.109.43
119,120,Ruthe,Olenov,rolenov3b@last.fm,Female,174.79.218.242
120,121,Berkie,Cabrer,bcabrer3c@clickbank.net,Male,116.155.46.81
121,122,Cristi,Dannatt,cdannatt3d@4shared.com,Female,28.23.219.153
122,123,Gabriellia,Hubbart,ghubbart3e@tiny.cc,Female,226.170.227.125
123,124,Fiona,Solman,fsolman3f@washington.edu,Female,29.135.173.77
124,125,Sheilakathryn,Bridle,sbridle3g@gmpg.org,Female,119.240.184.249
125,126,Cad,Slee,cslee3h@usa.gov,Male,223.87.254.20
126,127,Rosabella,Sicely,rsicely3i@github.io,Female,116.105.123.97
127,128,Orrin,Furzer,ofurzer3j@networkadvertising.org,Male,25.41.30.69
128,129,Tomas,Unwin,tunwin3k@ebay.com,Male,63.204.230.110
129,130,Briana,Telfer,btelfer3l@phoca.cz,Female,70.224.254.39
130,131,Claudia,Holbarrow,cholbarrow3m@sbwire.com,Female,173.32.69.23
131,132,Chicky,Wildes,cwildes3n@ca.gov,Female,197.60.239.111
132,133,Davidson,Spenley,dspenley3o@mapy.cz,Male,95.238.83.147
133,134,Fredia,Trimming,ftrimming3p@tumblr.com,Female,174.206.64.35
134,135,Ikey,McAllen,imcallen3q@yahoo.co.jp,Male,40.33.27.199
135,136,Sullivan,Roux,sroux3r@jalbum.net,Male,37.74.1.4
136,137,Selena,Duffett,sduffett3s@4shared.com,Female,136.175.72.98
137,138,Julius,Gatcliff,jgatcliff3t@google.com.br,Male,188.38.133.187
138,139,Liana,Astupenas,lastupenas3u@bloomberg.com,Female,253.141.58.234
139,140,Bealle,Toner,btoner3v@census.gov,Male,89.203.122.51
140,141,Garrard,Grzes,ggrzes3w@edublogs.org,Male,198.238.131.65
141,142,Merlina,Etches,metches3x@google.nl,Female,224.206.98.193
142,143,Wit,Glassford,wglassford3y@bravesites.com,Male,179.86.64.94
143,144,Alfreda,Handes,ahandes3z@domainmarket.com,Female,233.8.253.155
144,145,Aleen,Adcocks,aadcocks40@ted.com,Female,111.67.175.28
145,146,Chryste,Brandts,cbrandts41@ehow.com,Female,26.172.210.234
146,147,Mamie,Brudenell,mbrudenell42@dyndns.org,Female,55.173.152.14
147,148,Milzie,Leblanc,mleblanc43@state.gov,Female,141.222.12.180
148,149,Fielding,Haine,fhaine44@japanpost.jp,Male,120.124.72.1
149,150,Faber,Saiens,fsaiens45@si.edu,Male,142.211.144.170
150,151,Frederico,Dyett,fdyett46@google.com,Male,239.79.14.65
151,152,Adolf,Faulconbridge,afaulconbridge47@vimeo.com,Male,51.66.192.223
152,153,Dayle,Wormstone,dwormstone48@newyorker.com,Female,83.104.129.212
153,154,Wake,Spick,wspick49@yelp.com,Male,152.254.120.236
154,155,Kimmy,Bischof,kbischof4a@creativecommons.org,Female,127.15.3.101
155,156,Garrard,Mannock,gmannock4b@youku.com,Male,169.105.158.62
156,157,Em,Silverstone,esilverstone4c@theglobeandmail.com,Female,127.9.147.173
157,158,Rock,Mackison,rmackison4d@soup.io,Male,36.159.215.247
158,159,Gus,Kittiman,gkittiman4e@usa.gov,Male,190.30.118.157
159,160,Wolf,Olivi,wolivi4f@so-net.ne.jp,Male,244.117.40.145
160,161,Jo,Kilgrove,jkilgrove4g@ted.com,Male,97.248.79.99
161,162,Yorgos,Hansen,yhansen4h@goo.ne.jp,Male,40.173.101.71
162,163,Filmer,Pryell,fpryell4i@disqus.com,Male,84.78.15.190
163,164,Bethany,Greasley,bgreasley4j@creativecommons.org,Female,211.56.189.31
164,165,Paulina,Cornelisse,pcornelisse4k@opera.com,Female,36.52.34.136
165,166,Pietrek,Flowitt,pflowitt4l@slideshare.net,Male,17.120.54.153
166,167,Georgetta,Whisker,gwhisker4m@sun.com,Female,139.239.194.164
167,168,Stinky,Kendle,skendle4n@kickstarter.com,Male,185.6.151.109
168,169,Marie-ann,Tungay,mtungay4o@edublogs.org,Female,192.156.152.125
169,170,Crissie,Vasey,cvasey4p@businesswire.com,Female,52.137.225.127
170,171,Minor,MacInherney,mmacinherney4q@state.gov,Male,95.196.198.52
171,172,Rudyard,Didsbury,rdidsbury4r@godaddy.com,Male,110.139.127.115
172,173,Tricia,Aickin,taickin4s@newsvine.com,Female,201.170.132.47
173,174,Didi,Paulot,dpaulot4t@go.com,Female,28.227.221.179
174,175,Vicki,Gilburt,vgilburt4u@japanpost.jp,Female,148.144.95.33
175,176,Mattheus,Swaine,mswaine4v@bigcartel.com,Male,123.33.193.221
176,177,Rayner,Vear,rvear4w@baidu.com,Male,81.165.32.237
177,178,Templeton,MacMoyer,tmacmoyer4x@japanpost.jp,Male,6.86.58.36
178,179,Zsazsa,Sloy,zsloy4y@sfgate.com,Female,58.75.30.131
179,180,Hadrian,Adamec,hadamec4z@toplist.cz,Male,120.186.160.168
180,181,Godwin,McTrustie,gmctrustie50@creativecommons.org,Male,86.226.198.210
181,182,Robena,Janton,rjanton51@rambler.ru,Female,77.198.133.59
182,183,Cortney,Conws,cconws52@constantcontact.com,Female,242.53.95.165
183,184,Nolly,Bortoli,nbortoli53@about.com,Male,106.235.101.99
184,185,Helga,Botte,hbotte54@homestead.com,Female,68.177.82.58
185,186,Lyndsie,Aberchirder,laberchirder55@scientificamerican.com,Female,158.92.218.203
186,187,Marcel,Chadband,mchadband56@irs.gov,Male,3.206.255.173
187,188,Fair,De Laspee,fdelaspee57@soup.io,Male,69.140.90.170
188,189,Alf,Kupker,akupker58@bigcartel.com,Male,173.130.163.77
189,190,Farrel,Gascoigne,fgascoigne59@sourceforge.net,Male,61.127.40.77
190,191,Danette,Kedie,dkedie5a@walmart.com,Female,231.166.204.185
191,192,Northrop,Jephson,njephson5b@163.com,Male,85.45.216.119
192,193,Tedra,Fasse,tfasse5c@princeton.edu,Female,248.222.183.225
193,194,Nat,Cottom,ncottom5d@t-online.de,Female,131.236.6.209
194,195,Kristina,Doyle,kdoyle5e@seattletimes.com,Female,171.229.0.161
195,196,Anabelle,Tregenza,atregenza5f@so-net.ne.jp,Female,153.41.109.157
196,197,Tibold,Tinn,ttinn5g@economist.com,Male,132.21.197.200
197,198,Blinnie,Aharoni,baharoni5h@diigo.com,Female,57.40.71.100
198,199,Claudianus,Carpenter,ccarpenter5i@home.pl,Male,114.86.103.240
199,200,Chrissie,Kordova,ckordova5j@barnesandnoble.com,Male,53.115.168.210
200,201,Kipp,Eger,keger5k@ebay.com,Male,215.231.240.199
201,202,Nataniel,Bolstridge,nbolstridge5l@mapquest.com,Male,130.95.166.124
202,203,Wesley,Brummell,wbrummell5m@irs.gov,Male,78.141.113.0
203,204,Kerianne,Hayers,khayers5n@over-blog.com,Female,31.236.202.47
204,205,Ramsey,Dicey,rdicey5o@mlb.com,Male,205.120.228.214
205,206,Druci,Ferran,dferran5p@imageshack.us,Female,211.44.155.168
206,207,Conway,Wynrahame,cwynrahame5q@google.it,Male,56.48.230.222
207,208,Guthrie,Kelling,gkelling5r@barnesandnoble.com,Male,188.51.252.168
208,209,Griffie,Endley,gendley5s@abc.net.au,Male,185.85.115.19
209,210,Urbain,Lambertson,ulambertson5t@yolasite.com,Male,252.54.196.239
210,211,Brooks,Rothman,brothman5u@cisco.com,Female,27.72.109.37
211,212,Kurtis,Pady,kpady5v@pbs.org,Male,220.13.246.207
212,213,Gal,Gilloran,ggilloran5w@usatoday.com,Male,230.75.93.100
213,214,Terrill,Brehaut,tbrehaut5x@arstechnica.com,Male,179.178.173.235
214,215,Alexei,Leney,aleney5y@washingtonpost.com,Male,14.243.155.141
215,216,Damiano,Noir,dnoir5z@wisc.edu,Male,237.253.178.219
216,217,Sashenka,Burford,sburford60@sciencedirect.com,Female,110.209.116.119
217,218,Derk,Janek,djanek61@pagesperso-orange.fr,Male,245.200.5.133
218,219,Marjy,Dengel,mdengel62@bravesites.com,Female,165.43.66.168
219,220,Bartholomeo,Bamlett,bbamlett63@liveinternet.ru,Male,138.180.18.66
220,221,Galvan,Ferrieri,gferrieri64@51.la,Male,151.222.254.47
221,222,Julie,Jacques,jjacques65@dion.ne.jp,Female,2.150.101.79
222,223,Brena,Andryunin,bandryunin66@patch.com,Female,142.112.204.127
223,224,Maje,Osmint,mosmint67@github.io,Male,47.195.196.168
224,225,Ronnica,Keune,rkeune68@goo.gl,Female,239.113.190.224
225,226,Emma,Clinch,eclinch69@lulu.com,Female,78.145.205.167
226,227,Bartholomew,Cottrell,bcottrell6a@latimes.com,Male,38.116.160.95
227,228,Maddy,Forber,mforber6b@admin.ch,Female,207.218.193.41
228,229,Tessa,Mirrlees,tmirrlees6c@homestead.com,Female,255.161.57.75
229,230,Tammie,Alejandri,talejandri6d@scientificamerican.com,Female,4.83.63.138
230,231,Aurilia,Devita,adevita6e@fc2.com,Female,101.101.84.187
231,232,Winnah,Goosnell,wgoosnell6f@mail.ru,Female,51.50.24.71
232,233,Benn,Mapham,bmapham6g@artisteer.com,Male,157.152.229.166
233,234,Lorie,Medlen,lmedlen6h@adobe.com,Female,2.61.99.86
234,235,Marijn,Rosin,mrosin6i@google.co.uk,Male,149.174.200.52
235,236,Liesa,Cortese,lcortese6j@flickr.com,Female,232.165.94.213
236,237,Jessica,Fucher,jfucher6k@oracle.com,Female,252.235.80.90
237,238,Andrew,MacAlinden,amacalinden6l@bbc.co.uk,Male,13.53.208.232
238,239,Bronnie,Brimfield,bbrimfield6m@guardian.co.uk,Male,82.206.92.217
239,240,Winthrop,Baudasso,wbaudasso6n@people.com.cn,Male,228.195.211.88
240,241,Meagan,Stonhard,mstonhard6o@privacy.gov.au,Female,30.32.119.170
241,242,Meier,Wason,mwason6p@ibm.com,Male,128.223.133.175
242,243,Ella,Chaloner,echaloner6q@bbb.org,Female,77.205.173.198
243,244,Malinda,Chupin,mchupin6r@cocolog-nifty.com,Female,211.215.239.215
244,245,Jorgan,Bonallick,jbonallick6s@state.gov,Male,98.111.227.224
245,246,Brear,Andersson,bandersson6t@ucoz.ru,Female,41.113.14.101
246,247,Fonsie,Blonden,fblonden6u@zdnet.com,Male,179.12.61.76
247,248,Auguste,Jaqueminet,ajaqueminet6v@sina.com.cn,Female,53.220.252.157
248,249,Terrie,Conaghan,tconaghan6w@elpais.com,Female,78.25.55.203
249,250,Randee,Breadon,rbreadon6x@smugmug.com,Female,29.130.52.38
250,251,Luciano,Scimoni,lscimoni6y@guardian.co.uk,Male,151.93.155.173
251,252,Cele,Flecknoe,cflecknoe6z@addtoany.com,Female,208.129.91.83
252,253,Emlyn,Wain,ewain70@tinyurl.com,Male,202.108.7.240
253,254,Guinna,Feathers,gfeathers71@businesswire.com,Female,30.161.140.250
254,255,Crichton,Dowsing,cdowsing72@dropbox.com,Male,14.0.50.54
255,256,Jenifer,Hessel,jhessel73@rediff.com,Female,57.215.92.81
256,257,Chariot,Ubanks,cubanks74@cloudflare.com,Male,170.154.217.161
257,258,Davon,Heinz,dheinz75@homestead.com,Male,237.32.69.79
258,259,Lara,Badman,lbadman76@examiner.com,Female,70.35.120.241
259,260,Anders,Desorts,adesorts77@admin.ch,Male,35.149.16.9
260,261,Keane,Caldeyroux,kcaldeyroux78@ifeng.com,Male,127.103.71.99
261,262,Any,Deacock,adeacock79@mayoclinic.com,Male,152.167.177.191
262,263,Ike,Clevely,iclevely7a@freewebs.com,Male,212.98.110.192
263,264,Dione,Mish,dmish7b@ucsd.edu,Female,10.2.23.44
264,265,Colleen,de Clerk,cdeclerk7c@marketwatch.com,Female,195.250.139.45
265,266,Callean,Minot,cminot7d@wsj.com,Male,178.41.228.218
266,267,Tristan,Persse,tpersse7e@marriott.com,Male,94.68.158.244
267,268,Jessie,Cashford,jcashford7f@sun.com,Female,67.144.177.23
268,269,Mohandas,Pachta,mpachta7g@who.int,Male,73.204.193.224
269,270,Terri-jo,Golley,tgolley7h@shinystat.com,Female,112.169.30.77
270,271,Allison,Rubega,arubega7i@state.tx.us,Female,226.107.148.20
271,272,Elfrieda,Triswell,etriswell7j@rediff.com,Female,184.56.23.39
272,273,Nilson,Guillerman,nguillerman7k@state.gov,Male,238.158.75.58
273,274,Vanya,Farriar,vfarriar7l@psu.edu,Male,93.9.234.14
274,275,Catie,Pandey,cpandey7m@yolasite.com,Female,206.97.191.150
275,276,Aloysia,Losano,alosano7n@cnet.com,Female,34.156.52.12
276,277,Jerrome,Sagar,jsagar7o@slashdot.org,Male,187.92.54.254
277,278,Maybelle,Inston,minston7p@wikimedia.org,Female,27.188.33.212
278,279,Pavla,Dearnly,pdearnly7q@de.vu,Female,82.9.99.89
279,280,Billi,Cleare,bcleare7r@ox.ac.uk,Female,197.48.219.47
280,281,Andrew,Teideman,ateideman7s@yellowbook.com,Male,129.85.72.215
281,282,Nealson,Beverage,nbeverage7t@youku.com,Male,96.60.169.141
282,283,Desiree,Twycross,dtwycross7u@reuters.com,Female,122.66.179.84
283,284,Carey,Minchella,cminchella7v@mlb.com,Female,159.34.43.199
284,285,Granny,Mathys,gmathys7w@blogtalkradio.com,Male,229.226.78.221
285,286,Dorita,Laverick,dlaverick7x@hc360.com,Female,38.86.138.2
286,287,Lorine,Payne,lpayne7y@privacy.gov.au,Female,116.6.202.238
287,288,Agnola,Haszard,ahaszard7z@dyndns.org,Female,57.180.169.162
288,289,Julius,Colwill,jcolwill80@bigcartel.com,Male,56.95.174.20
289,290,Gustavo,Shorte,gshorte81@nydailynews.com,Male,82.229.178.123
290,291,Claiborne,Allanby,callanby82@msu.edu,Male,248.97.185.167
291,292,Averil,Crowne,acrowne83@last.fm,Male,131.81.96.231
292,293,Rheta,Dunsire,rdunsire84@icq.com,Female,230.145.138.171
293,294,Ebonee,Thorp,ethorp85@google.nl,Female,162.172.251.152
294,295,Rees,Scottesmoor,rscottesmoor86@netlog.com,Male,113.164.129.181
295,296,Sheela,Dugue,sdugue87@state.gov,Female,236.32.51.27
296,297,Merv,Welldrake,mwelldrake88@ocn.ne.jp,Male,167.233.119.130
297,298,Rasla,Sambell,rsambell89@godaddy.com,Female,40.26.57.39
298,299,Adrea,Ghiotto,aghiotto8a@cargocollective.com,Female,232.228.178.164
299,300,Ludovico,Hadwin,lhadwin8b@smugmug.com,Male,63.194.132.144
300,301,Beryl,M'Chirrie,bmchirrie8c@addtoany.com,Female,65.101.63.26
301,302,Lilllie,Bohler,lbohler8d@pcworld.com,Female,201.84.237.41
302,303,Rusty,Waumsley,rwaumsley8e@domainmarket.com,Male,250.29.55.56
303,304,Robby,Roggero,rroggero8f@t-online.de,Male,92.172.139.25
304,305,Valerye,Spillett,vspillett8g@statcounter.com,Female,92.14.105.82
305,306,Megen,Dawtre,mdawtre8h@ucoz.ru,Female,81.56.216.221
306,307,Brok,Oxenden,boxenden8i@friendfeed.com,Male,10.93.85.221
307,308,Baillie,Bowhay,bbowhay8j@ted.com,Male,223.44.194.38
308,309,Leola,Grayley,lgrayley8k@oaic.gov.au,Female,143.21.67.35
309,310,David,Lamont,dlamont8l@fastcompany.com,Male,59.76.98.126
310,311,Delmar,Worshall,dworshall8m@fda.gov,Male,125.42.46.42
311,312,Kristyn,Wadhams,kwadhams8n@patch.com,Female,129.16.26.198
312,313,Lucine,Towse,ltowse8o@irs.gov,Female,59.222.3.41
313,314,Orelia,Shane,oshane8p@nature.com,Female,141.34.148.132
314,315,Kahlil,Aspey,kaspey8q@i2i.jp,Male,181.117.146.220
315,316,Vere,Gilliam,vgilliam8r@yolasite.com,Female,68.185.244.119
316,317,Shayne,Sinnott,ssinnott8s@networkadvertising.org,Male,76.145.106.80
317,318,Ely,Harridge,eharridge8t@livejournal.com,Male,96.154.130.219
318,319,Consuelo,Mullineux,cmullineux8u@vinaora.com,Female,175.148.242.48
319,320,Halimeda,Rigeby,hrigeby8v@unicef.org,Female,182.98.3.49
320,321,Niles,Sanz,nsanz8w@meetup.com,Male,178.151.44.228
321,322,Lianna,Copperwaite,lcopperwaite8x@google.co.jp,Female,72.255.68.109
322,323,Bo,Rennolds,brennolds8y@mail.ru,Male,64.90.142.75
323,324,Del,Sowden,dsowden8z@seesaa.net,Female,140.15.76.59
324,325,Jess,Weld,jweld90@slashdot.org,Male,123.103.41.82
325,326,Lorin,Paladini,lpaladini91@github.io,Male,30.193.214.134
326,327,Stafford,Sixsmith,ssixsmith92@businessweek.com,Male,102.52.165.103
327,328,Jean,Jeschner,jjeschner93@toplist.cz,Male,49.170.40.109
328,329,Jaime,Isabell,jisabell94@pen.io,Male,251.254.58.206
329,330,Sigismondo,Cheng,scheng95@yellowpages.com,Male,198.69.243.174
330,331,Nell,Woltman,nwoltman96@senate.gov,Female,152.179.186.38
331,332,Glennis,Keane,gkeane97@loc.gov,Female,160.212.18.234
332,333,Addie,Gatteridge,agatteridge98@spiegel.de,Male,131.44.149.223
333,334,Carey,Lukovic,clukovic99@oaic.gov.au,Male,40.31.76.7
334,335,Tanitansy,Stanwix,tstanwix9a@tinyurl.com,Female,99.21.174.175
335,336,Dolley,Twinborne,dtwinborne9b@google.ru,Female,151.61.60.252
336,337,Brice,Swigger,bswigger9c@arizona.edu,Male,14.123.237.139
337,338,Locke,Thomtson,lthomtson9d@trellian.com,Male,161.77.246.124
338,339,Dinny,Phear,dphear9e@vk.com,Female,116.115.102.40
339,340,Daisey,Leversuch,dleversuch9f@hao123.com,Female,14.118.224.208
340,341,Nestor,Indruch,nindruch9g@spiegel.de,Male,23.30.12.75
341,342,Oralla,Lillgard,olillgard9h@sfgate.com,Female,5.79.69.208
342,343,Layney,Kiendl,lkiendl9i@scribd.com,Female,150.79.241.64
343,344,Cher,Di Biaggi,cdibiaggi9j@creativecommons.org,Female,146.238.94.197
344,345,Sidoney,Leathlay,sleathlay9k@yellowpages.com,Female,4.171.32.131
345,346,Gaye,Cohr,gcohr9l@princeton.edu,Female,29.36.71.113
346,347,Natalya,Malzard,nmalzard9m@t-online.de,Female,70.14.123.44
347,348,Phillip,Jantet,pjantet9n@github.io,Male,207.151.178.124
348,349,Theodoric,Gibbens,tgibbens9o@microsoft.com,Male,178.231.104.187
349,350,Mariele,Constantine,mconstantine9p@vimeo.com,Female,51.116.75.22
350,351,Boris,Tenny,btenny9q@engadget.com,Male,225.99.222.65
351,352,Jedediah,Rolston,jrolston9r@hexun.com,Male,214.228.66.150
352,353,Byrann,Schruur,bschruur9s@reuters.com,Male,37.58.164.144
353,354,Janna,Denk,jdenk9t@mit.edu,Female,175.207.217.101
354,355,Brandice,Robison,brobison9u@geocities.jp,Female,37.171.190.113
355,356,Kelli,Fischer,kfischer9v@fotki.com,Female,56.244.131.190
356,357,Ransell,Alphege,ralphege9w@hugedomains.com,Male,224.174.54.64
357,358,Ennis,Maylour,emaylour9x@is.gd,Male,9.11.195.28
358,359,Verena,Godlip,vgodlip9y@hhs.gov,Female,200.2.250.173
359,360,Delcine,Quick,dquick9z@indiegogo.com,Female,56.150.49.191
360,361,Alejoa,Crumly,acrumlya0@eepurl.com,Male,214.162.87.60
361,362,Mayne,Goretti,mgorettia1@discuz.net,Male,17.71.174.144
362,363,Lesly,Scollan,lscollana2@economist.com,Female,22.142.16.110
363,364,Merill,Keyzman,mkeyzmana3@nbcnews.com,Male,162.216.82.159
364,365,Orelee,Terzza,oterzzaa4@scribd.com,Female,131.18.92.131
365,366,Thedrick,Shark,tsharka5@dion.ne.jp,Male,153.192.49.178
366,367,Sheryl,Billitteri,sbillitteria6@aboutads.info,Female,117.193.124.121
367,368,Jonathan,Johnsson,jjohnssona7@infoseek.co.jp,Male,149.17.206.108
368,369,Eddy,Stanyforth,estanyfortha8@nasa.gov,Female,22.223.71.60
369,370,Lenard,Presswell,lpresswella9@unesco.org,Male,138.27.85.162
370,371,Jule,Meeny,jmeenyaa@nydailynews.com,Male,79.153.104.134
371,372,Mile,Carlan,mcarlanab@twitpic.com,Male,162.231.27.79
372,373,Gaspard,Pelos,gpelosac@nydailynews.com,Male,114.252.110.253
373,374,Herbie,Honack,hhonackad@bravesites.com,Male,58.126.29.234
374,375,Andie,Groundwater,agroundwaterae@buzzfeed.com,Male,158.208.65.242
375,376,Lutero,Newbatt,lnewbattaf@oaic.gov.au,Male,219.103.240.193
376,377,Jeanine,Sweetzer,jsweetzerag@storify.com,Female,100.61.129.131
377,378,Betteanne,Byart,bbyartah@webeden.co.uk,Female,106.110.252.188
378,379,Shay,Deverose,sdeveroseai@friendfeed.com,Male,19.149.150.255
379,380,Prissie,Hould,phouldaj@feedburner.com,Female,188.16.184.89
380,381,Gibby,Boon,gboonak@example.com,Male,38.242.112.222
381,382,Addy,Chaffen,achaffenal@youtu.be,Male,50.79.195.58
382,383,Albertine,Ralls,arallsam@amazon.de,Female,93.145.121.202
383,384,Mireielle,Shortell,mshortellan@newsvine.com,Female,22.21.123.51
384,385,Michele,Testro,mtestroao@exblog.jp,Female,47.34.125.235
385,386,Michaela,Othen,mothenap@uiuc.edu,Female,156.198.96.94
386,387,Faydra,Coye,fcoyeaq@prlog.org,Female,75.236.207.78
387,388,Gizela,Tarren,gtarrenar@fc2.com,Female,168.73.180.12
388,389,Deva,Stoffel,dstoffelas@skype.com,Female,198.5.125.200
389,390,Olga,Trusdale,otrusdaleat@si.edu,Female,160.76.142.220
390,391,Bryna,Sheardown,bsheardownau@weather.com,Female,107.55.205.56
391,392,Eliot,Bartlosz,ebartloszav@barnesandnoble.com,Male,193.33.224.211
392,393,Jules,Bestwerthick,jbestwerthickaw@w3.org,Male,143.236.118.135
393,394,Perry,Olcot,polcotax@theatlantic.com,Male,141.164.102.107
394,395,Iago,Woolfitt,iwoolfittay@google.nl,Male,218.13.221.245
395,396,Sigvard,Hickisson,shickissonaz@eventbrite.com,Male,152.124.215.155
396,397,Yolanthe,Benck,ybenckb0@typepad.com,Female,32.134.96.6
397,398,Art,Pantecost,apantecostb1@printfriendly.com,Male,133.80.109.112
398,399,Kaylyn,Gummary,kgummaryb2@mozilla.org,Female,63.191.78.9
399,400,Arda,Rooson,aroosonb3@ow.ly,Female,202.35.153.90
400,401,Ebony,Mayston,emaystonb4@statcounter.com,Female,225.20.48.209
401,402,Linnea,Vannikov,lvannikovb5@alibaba.com,Female,148.136.249.9
402,403,Mandi,McTrustam,mmctrustamb6@edublogs.org,Female,95.57.117.162
403,404,Darelle,Tadlow,dtadlowb7@twitpic.com,Female,113.66.239.250
404,405,Annabela,Riste,aristeb8@t.co,Female,81.122.250.207
405,406,Raimundo,Stabler,rstablerb9@columbia.edu,Male,243.34.232.11
406,407,Lindon,Hartly,lhartlyba@gnu.org,Male,155.177.42.255
407,408,Sandye,Wason,swasonbb@merriam-webster.com,Female,237.87.206.191
408,409,Lorettalorna,Ebdon,lebdonbc@intel.com,Female,254.155.93.77
409,410,Ofella,Badham,obadhambd@goo.ne.jp,Female,106.222.1.136
410,411,Calley,Oneal,conealbe@blogs.com,Female,28.52.125.120
411,412,Josephina,Sewell,jsewellbf@booking.com,Female,6.235.181.131
412,413,Mel,Thirlwall,mthirlwallbg@addthis.com,Male,72.129.38.84
413,414,Kenny,Neillans,kneillansbh@hostgator.com,Male,45.66.78.16
414,415,Natty,Harradine,nharradinebi@springer.com,Male,139.57.98.173
415,416,Kristoffer,Rudderham,krudderhambj@feedburner.com,Male,62.0.104.254
416,417,Pace,Leathlay,pleathlaybk@hibu.com,Male,10.149.167.179
417,418,Corrie,Laverenz,claverenzbl@economist.com,Female,123.54.168.174
418,419,Magnum,Treswell,mtreswellbm@dyndns.org,Male,41.242.141.250
419,420,Gran,Seiffert,gseiffertbn@google.cn,Male,132.153.43.65
420,421,Jacinthe,Congrave,jcongravebo@kickstarter.com,Female,195.221.199.26
421,422,Bard,Vasilic,bvasilicbp@mapquest.com,Male,116.14.21.29
422,423,Coleman,Simeoni,csimeonibq@oaic.gov.au,Male,156.226.23.35
423,424,Lucienne,Peron,lperonbr@angelfire.com,Female,12.130.129.167
424,425,Zacharie,Kabsch,zkabschbs@bandcamp.com,Male,121.15.46.121
425,426,Torrin,Goodacre,tgoodacrebt@pcworld.com,Male,0.154.143.232
426,427,Mei,Simoncelli,msimoncellibu@samsung.com,Female,231.101.8.51
427,428,Car,MacLaren,cmaclarenbv@cisco.com,Male,0.36.209.97
428,429,Carolyn,Roe,croebw@theatlantic.com,Female,242.118.174.157
429,430,Alexa,Gott,agottbx@answers.com,Female,238.113.107.65
430,431,Care,Cicconettii,ccicconettiiby@hhs.gov,Male,14.43.178.150
431,432,Skelly,Muino,smuinobz@naver.com,Male,7.108.173.219
432,433,Gladys,Latliff,glatliffc0@sohu.com,Female,160.37.68.230
433,434,Robina,Mapam,rmapamc1@shop-pro.jp,Female,81.172.252.41
434,435,Christi,Westcar,cwestcarc2@usgs.gov,Female,87.195.103.122
435,436,Clayborne,Lukasen,clukasenc3@smh.com.au,Male,7.157.59.248
436,437,Paloma,Themann,pthemannc4@reference.com,Female,223.29.213.109
437,438,Marin,Ravel,mravelc5@so-net.ne.jp,Female,151.184.207.151
438,439,Alyda,Coleborn,acolebornc6@alexa.com,Female,201.95.136.120
439,440,Gardiner,Joreau,gjoreauc7@slate.com,Male,96.59.123.84
440,441,Cleavland,Guthrie,cguthriec8@aboutads.info,Male,213.11.252.63
441,442,Marten,Epton,meptonc9@storify.com,Male,32.121.177.233
442,443,Ashlin,Rofe,arofeca@businessinsider.com,Male,68.231.137.36
443,444,Sandro,Elloit,selloitcb@epa.gov,Male,233.77.92.194
444,445,Matty,Blackburne,mblackburnecc@who.int,Female,92.127.240.60
445,446,Reta,Adey,radeycd@hc360.com,Female,105.249.89.66
446,447,Grove,Merigeau,gmerigeauce@rakuten.co.jp,Male,53.228.122.146
447,448,Wainwright,Pexton,wpextoncf@wikia.com,Male,15.225.30.200
448,449,Alleyn,Ugoletti,augoletticg@dagondesign.com,Male,74.202.124.211
449,450,Godfree,Moret,gmoretch@sina.com.cn,Male,207.171.154.129
450,451,Lovell,Deppen,ldeppenci@google.fr,Male,79.162.169.90
451,452,Shara,Terram,sterramcj@xinhuanet.com,Female,168.16.140.137
452,453,Way,Kerrey,wkerreyck@pen.io,Male,144.49.146.183
453,454,Fiorenze,Pask,fpaskcl@ca.gov,Female,185.115.86.135
454,455,Garfield,Bosman,gbosmancm@loc.gov,Male,22.195.150.36
455,456,Ailsun,Mensler,amenslercn@webeden.co.uk,Female,54.162.119.29
456,457,Lazaro,Basso,lbassoco@intel.com,Male,240.81.182.10
457,458,Nonah,Abley,nableycp@webs.com,Female,153.241.148.244
458,459,Ashly,Adnett,aadnettcq@spotify.com,Female,111.78.73.34
459,460,Rosmunda,Olenikov,rolenikovcr@ihg.com,Female,63.184.32.47
460,461,Hewett,Lorent,hlorentcs@fema.gov,Male,66.233.100.198
461,462,Mirabella,Edmead,medmeadct@bbb.org,Female,151.46.238.157
462,463,Robbert,Cluse,rclusecu@jugem.jp,Male,90.33.170.79
463,464,Amery,Dutson,adutsoncv@twitter.com,Male,125.75.28.90
464,465,Cash,Olenichev,colenichevcw@homestead.com,Male,132.76.138.110
465,466,Wit,Grono,wgronocx@plala.or.jp,Male,167.214.164.114
466,467,Lindy,Greatbanks,lgreatbankscy@sina.com.cn,Female,154.224.40.167
467,468,Alec,Cranton,acrantoncz@auda.org.au,Male,127.121.217.145
468,469,Bevin,Radsdale,bradsdaled0@phpbb.com,Male,118.17.182.181
469,470,Eldredge,Fuggle,efuggled1@mit.edu,Male,116.65.86.10
470,471,Lisle,Riseley,lriseleyd2@icq.com,Male,88.115.123.217
471,472,Joannes,Jantot,jjantotd3@amazon.com,Female,63.169.216.23
472,473,Kerr,Lathe,klathed4@gov.uk,Male,158.86.188.132
473,474,Kiel,Giabuzzi,kgiabuzzid5@ucsd.edu,Male,226.162.231.200
474,475,Chrissie,Banghe,cbanghed6@amazonaws.com,Female,141.151.184.101
475,476,Berget,Ulrik,bulrikd7@java.com,Female,30.148.152.37
476,477,Devland,Burker,dburkerd8@tiny.cc,Male,85.56.159.57
477,478,Jamison,Karpfen,jkarpfend9@gizmodo.com,Male,247.91.101.231
478,479,Bastian,Lyall,blyallda@twitter.com,Male,123.139.168.62
479,480,Anny,Topliss,atoplissdb@marriott.com,Female,248.175.241.175
480,481,Bobine,Chelley,bchelleydc@deliciousdays.com,Female,178.57.38.159
481,482,Kyla,Americi,kamericidd@hugedomains.com,Female,157.15.215.140
482,483,Klemens,Twell,ktwellde@va.gov,Male,71.78.56.63
483,484,Giavani,Holtham,gholthamdf@sbwire.com,Male,206.38.229.1
484,485,Justinian,Warlton,jwarltondg@senate.gov,Male,61.109.254.116
485,486,Brynne,Sommerfeld,bsommerfelddh@ca.gov,Female,245.160.235.154
486,487,Alexandra,Gregorace,agregoracedi@blinklist.com,Female,71.150.149.196
487,488,Balduin,Baline,bbalinedj@paypal.com,Male,131.255.58.175
488,489,Olivie,Vasyatkin,ovasyatkindk@google.co.uk,Female,225.45.56.145
489,490,Johannes,Cawkwell,jcawkwelldl@tuttocitta.it,Male,223.59.185.170
490,491,Cammi,Maken,cmakendm@japanpost.jp,Female,35.238.61.23
491,492,Arlyne,Uccelli,auccellidn@phpbb.com,Female,102.154.29.29
492,493,Kelsy,Trigg,ktriggdo@flickr.com,Female,230.78.142.37
493,494,Hendrik,Jellico,hjellicodp@nifty.com,Male,170.181.11.46
494,495,Blinni,Raynton,brayntondq@globo.com,Female,155.254.250.143
495,496,Hunfredo,Wright,hwrightdr@ucsd.edu,Male,1.233.178.219
496,497,Holden,Szantho,hszanthods@furl.net,Male,88.185.96.137
497,498,Amata,Beumant,abeumantdt@symantec.com,Female,94.44.38.137
498,499,Guntar,Godley,ggodleydu@zdnet.com,Male,126.83.76.178
499,500,Lynnea,Fitchew,lfitchewdv@google.com.au,Female,25.221.212.176
500,501,Ilysa,Bartels,ibartelsdw@reuters.com,Female,51.45.211.113
501,502,Sophronia,Dibden,sdibdendx@nih.gov,Female,82.84.148.40
502,503,Betteann,Clampin,bclampindy@fema.gov,Female,14.27.107.25
503,504,Angie,Greste,agrestedz@friendfeed.com,Female,119.202.220.56
504,505,Ollie,Wilford,owilforde0@tmall.com,Male,41.127.138.194
505,506,Ludovika,Coddrington,lcoddringtone1@kickstarter.com,Female,87.183.248.2
506,507,Kirk,Griffoen,kgriffoene2@google.pl,Male,194.152.242.7
507,508,Hammad,Luckhurst,hluckhurste3@about.me,Male,58.255.65.220
508,509,Aleda,Smyley,asmyleye4@discovery.com,Female,160.154.12.21
509,510,Vilhelmina,Lates,vlatese5@adobe.com,Female,187.27.35.98
510,511,Fayette,Connealy,fconnealye6@icio.us,Female,192.14.252.116
511,512,Jade,Casbon,jcasbone7@nifty.com,Female,253.43.99.112
512,513,Glen,Dwyer,gdwyere8@youtu.be,Male,140.128.29.89
513,514,Norton,Pritty,nprittye9@hp.com,Male,202.50.234.139
514,515,Lulu,Snelling,lsnellingea@mashable.com,Female,152.245.188.249
515,516,Joella,Pedlow,jpedloweb@ucsd.edu,Female,59.210.233.136
516,517,Seumas,Ert,sertec@naver.com,Male,168.168.80.4
517,518,Bondon,Spier,bspiered@livejournal.com,Male,202.172.251.241
518,519,Sofie,Battye,sbattyeee@myspace.com,Female,243.126.150.11
519,520,Darren,Donald,ddonaldef@cloudflare.com,Male,149.59.164.158
520,521,Lyon,Spick,lspickeg@skyrock.com,Male,95.75.184.221
521,522,Pennie,Hazzard,phazzardeh@wordpress.com,Male,9.54.147.142
522,523,Welbie,McLinden,wmclindenei@eventbrite.com,Male,169.109.177.107
523,524,Winona,Magee,wmageeej@paginegialle.it,Female,241.121.252.206
524,525,Hanna,Life,hlifeek@senate.gov,Female,38.17.66.240
525,526,Jasun,Champness,jchampnessel@mit.edu,Male,125.212.156.22
526,527,Alexa,Swindle,aswindleem@independent.co.uk,Female,136.204.7.116
527,528,Melanie,Pavinese,mpavineseen@imdb.com,Female,154.93.58.81
528,529,Edvard,Barras,ebarraseo@newyorker.com,Male,162.112.68.50
529,530,Bettina,Dodimead,bdodimeadep@ask.com,Female,230.124.120.227
530,531,Jess,Leggatt,jleggatteq@cnet.com,Male,83.88.167.236
531,532,Hamilton,Shillaber,hshillaberer@tmall.com,Male,14.43.195.61
532,533,Mozes,Elacoate,melacoatees@tripadvisor.com,Male,0.131.70.96
533,534,Kali,Keddy,kkeddyet@ameblo.jp,Female,166.236.20.196
534,535,Hermann,Philpots,hphilpotseu@dot.gov,Male,192.241.28.223
535,536,Mathe,Aksell,maksellev@wisc.edu,Male,193.190.17.104
536,537,Berty,Whenman,bwhenmanew@auda.org.au,Male,32.147.78.55
537,538,Biron,Vannuchi,bvannuchiex@csmonitor.com,Male,126.215.222.201
538,539,Udale,Semiraz,usemirazey@hugedomains.com,Male,31.197.248.207
539,540,Neale,Genever,ngeneverez@g.co,Male,143.192.131.9
540,541,Jean,Koenraad,jkoenraadf0@ezinearticles.com,Female,70.158.42.130
541,542,Leticia,Fydoe,lfydoef1@state.gov,Female,173.194.20.194
542,543,Mick,Damerell,mdamerellf2@360.cn,Male,26.236.211.52
543,544,Stephenie,Faber,sfaberf3@goo.ne.jp,Female,38.202.21.209
544,545,Tersina,Siddall,tsiddallf4@clickbank.net,Female,223.222.240.89
545,546,Albert,Tanman,atanmanf5@tamu.edu,Male,0.117.81.221
546,547,Janot,Rieflin,jrieflinf6@feedburner.com,Female,211.142.102.133
547,548,Jamal,Drysdell,jdrysdellf7@techcrunch.com,Male,185.231.175.11
548,549,Matthew,Mobley,mmobleyf8@eventbrite.com,Male,86.238.219.60
549,550,Stephani,MacMichael,smacmichaelf9@dmoz.org,Female,208.21.181.211
550,551,Renelle,Pleat,rpleatfa@seattletimes.com,Female,139.95.198.226
551,552,Tatum,Gorcke,tgorckefb@edublogs.org,Female,80.179.214.57
552,553,Gates,Ploughwright,gploughwrightfc@icio.us,Female,10.84.156.99
553,554,Pancho,Millin,pmillinfd@prnewswire.com,Male,195.166.244.49
554,555,Tanya,Leates,tleatesfe@w3.org,Female,173.161.132.62
555,556,Karon,McTague,kmctagueff@slashdot.org,Female,13.52.96.171
556,557,Inessa,Yetman,iyetmanfg@mlb.com,Female,66.249.19.135
557,558,Bruis,Hucklesby,bhucklesbyfh@biglobe.ne.jp,Male,57.167.201.141
558,559,Austin,McPike,amcpikefi@biglobe.ne.jp,Female,126.131.185.29
559,560,Bartie,Championnet,bchampionnetfj@time.com,Male,187.100.81.19
560,561,Elmo,Volkers,evolkersfk@ustream.tv,Male,34.82.200.241
561,562,Anabella,Glancey,aglanceyfl@state.gov,Female,246.241.124.73
562,563,Morganica,Wudeland,mwudelandfm@wordpress.org,Female,115.34.56.153
563,564,Durant,Whapples,dwhapplesfn@cnet.com,Male,70.246.50.64
564,565,Karole,Essex,kessexfo@google.nl,Female,124.207.226.225
565,566,Crosby,Yankeev,cyankeevfp@mozilla.com,Male,229.54.14.37
566,567,Yelena,Kite,ykitefq@dailymotion.com,Female,205.20.192.48
567,568,Hollis,McGerr,hmcgerrfr@technorati.com,Male,224.31.57.220
568,569,Suzanna,Weekly,sweeklyfs@dailymail.co.uk,Female,177.79.92.115
569,570,Cass,Schultheiss,cschultheissft@lycos.com,Male,219.167.230.219
570,571,Debbie,Tuckey,dtuckeyfu@theglobeandmail.com,Female,101.4.41.115
571,572,Kimbell,Fetherstonhaugh,kfetherstonhaughfv@dyndns.org,Male,100.133.105.235
572,573,Bryan,Quiddington,bquiddingtonfw@constantcontact.com,Male,192.102.92.213
573,574,Sherman,Sicha,ssichafx@statcounter.com,Male,245.103.252.158
574,575,Petunia,Rizzardi,prizzardify@1688.com,Female,69.35.147.129
575,576,Pete,Ruddock,pruddockfz@indiegogo.com,Male,106.137.45.66
576,577,Gabbie,Benardet,gbenardetg0@scientificamerican.com,Female,183.147.136.182
577,578,Rosy,Moriarty,rmoriartyg1@google.de,Female,74.220.71.212
578,579,Aleda,Wiggall,awiggallg2@seattletimes.com,Female,166.41.53.27
579,580,Jayne,Lavers,jlaversg3@weebly.com,Female,224.210.108.45
580,581,Cacilie,Veltman,cveltmang4@smugmug.com,Female,66.43.20.86
581,582,Willie,Paddemore,wpaddemoreg5@list-manage.com,Male,168.84.76.35
582,583,Traver,Sulland,tsullandg6@eventbrite.com,Male,158.68.198.233
583,584,Sebastian,Haile,shaileg7@abc.net.au,Male,51.146.95.231
584,585,Fayth,Brisson,fbrissong8@freewebs.com,Female,173.222.42.7
585,586,Melisa,McGenn,mmcgenng9@blogtalkradio.com,Female,91.140.90.208
586,587,Winthrop,Pulsford,wpulsfordga@xinhuanet.com,Male,32.231.121.176
587,588,Onofredo,Speek,ospeekgb@photobucket.com,Male,172.206.87.158
588,589,Krispin,Drover,kdrovergc@bbb.org,Male,103.145.98.79
589,590,Nil,Puvia,npuviagd@ameblo.jp,Male,159.69.80.201
590,591,Dorolisa,Benian,dbeniange@imdb.com,Female,122.21.2.103
591,592,Chrotoem,Fritter,cfrittergf@addthis.com,Male,61.20.39.57
592,593,Holly-anne,Aindrais,haindraisgg@cbc.ca,Female,160.144.36.172
593,594,Ferd,Buesnel,fbuesnelgh@etsy.com,Male,161.125.180.210
594,595,Clarice,Sherrington,csherringtongi@youtube.com,Female,98.173.48.58
595,596,Graig,Behnen,gbehnengj@auda.org.au,Male,78.135.157.58
596,597,Jeralee,Ianson,jiansongk@businesswire.com,Female,148.250.69.193
597,598,Moise,Remon,mremongl@last.fm,Male,45.215.103.254
598,599,Rois,Alflatt,ralflattgm@utexas.edu,Female,80.75.162.115
599,600,Ailbert,Rewcassell,arewcassellgn@smugmug.com,Male,238.8.194.69
600,601,Benn,Arnaldo,barnaldogo@icio.us,Male,218.107.54.62
601,602,Marven,Duckers,mduckersgp@smugmug.com,Male,163.226.169.84
602,603,Taite,Burtonwood,tburtonwoodgq@linkedin.com,Male,79.151.150.31
603,604,Kirstin,Boswell,kboswellgr@usgs.gov,Female,15.43.124.219
604,605,Mandy,Baline,mbalinegs@newsvine.com,Female,182.48.48.125
605,606,Wald,Feaver,wfeavergt@irs.gov,Male,24.125.28.224
606,607,Levon,Sikorski,lsikorskigu@cargocollective.com,Male,164.54.105.168
607,608,Whit,Flury,wflurygv@zimbio.com,Male,95.215.102.212
608,609,Corby,Sunley,csunleygw@typepad.com,Male,111.202.69.225
609,610,Rogerio,Rodda,rroddagx@youtube.com,Male,220.56.161.146
610,611,Isador,Moehle,imoehlegy@cpanel.net,Male,249.75.181.239
611,612,Roderic,St Quenin,rstqueningz@edublogs.org,Male,198.246.169.133
612,613,Freemon,Botham,fbothamh0@dot.gov,Male,17.172.29.67
613,614,Pearla,Werrit,pwerrith1@yellowpages.com,Female,81.85.126.72
614,615,Devonne,Vinten,dvintenh2@aboutads.info,Female,248.219.123.106
615,616,Ranice,Befroy,rbefroyh3@howstuffworks.com,Female,52.90.20.3
616,617,Melodee,Dunham,mdunhamh4@shinystat.com,Female,53.224.179.115
617,618,Norma,Relf,nrelfh5@businesswire.com,Female,174.140.2.36
618,619,Ebony,De Biasio,edebiasioh6@ask.com,Female,92.246.31.200
619,620,Desiree,Cliff,dcliffh7@dailymotion.com,Female,69.49.139.62
620,621,Kenneth,Brownlow,kbrownlowh8@un.org,Male,212.241.4.173
621,622,Hally,Izzatt,hizzatth9@businessweek.com,Female,107.178.111.221
622,623,Goddart,Widdows,gwiddowsha@illinois.edu,Male,133.106.231.3
623,624,Avivah,Sissland,asisslandhb@admin.ch,Female,135.29.108.64
624,625,Reynold,Franciotti,rfranciottihc@google.com,Male,36.172.179.168
625,626,Conn,Crichmere,ccrichmerehd@webeden.co.uk,Male,1.194.215.99
626,627,Shem,Ryde,srydehe@tinypic.com,Male,252.96.63.19
627,628,Mae,Simon,msimonhf@nba.com,Female,131.95.52.177
628,629,Theodore,Whitaker,twhitakerhg@taobao.com,Male,38.134.66.237
629,630,Daryle,Fanthom,dfanthomhh@hatena.ne.jp,Male,158.164.164.133
630,631,Lavinia,Mullany,lmullanyhi@cdc.gov,Female,191.154.186.163
631,632,Alleen,Osgodby,aosgodbyhj@independent.co.uk,Female,147.137.178.237
632,633,Dietrich,Bolam,dbolamhk@bravesites.com,Male,88.26.154.79
633,634,Gayla,Scrowton,gscrowtonhl@discovery.com,Female,16.154.70.100
634,635,Roch,Quested,rquestedhm@privacy.gov.au,Female,246.149.134.109
635,636,Stevena,Bernardon,sbernardonhn@edublogs.org,Female,25.90.75.150
636,637,Brendin,Entissle,bentissleho@bigcartel.com,Male,29.9.173.191
637,638,Susy,Nozzolii,snozzoliihp@slashdot.org,Female,149.236.161.116
638,639,Olly,Barthelmes,obarthelmeshq@cnet.com,Male,132.157.0.78
639,640,Merwin,Paolillo,mpaolillohr@woothemes.com,Male,60.125.191.188
640,641,Florinda,Weighell,fweighellhs@smh.com.au,Female,12.216.229.127
641,642,Sherri,Berkowitz,sberkowitzht@umn.edu,Female,69.51.82.228
642,643,Prentice,Livingston,plivingstonhu@mozilla.org,Male,230.212.106.6
643,644,Kinna,Betancourt,kbetancourthv@spiegel.de,Female,195.17.1.131
644,645,Thia,Grist,tgristhw@statcounter.com,Female,132.19.239.190
645,646,Desdemona,Hanscombe,dhanscombehx@addthis.com,Female,113.166.78.192
646,647,Alexandr,Ronca,aroncahy@amazonaws.com,Male,31.64.136.91
647,648,Berne,Battyll,bbattyllhz@gmpg.org,Male,81.71.88.236
648,649,Angil,Wellan,awellani0@chron.com,Female,86.19.154.233
649,650,Bernadette,Spurgeon,bspurgeoni1@ezinearticles.com,Female,231.15.196.75
650,651,Keene,Harmeston,kharmestoni2@mayoclinic.com,Male,90.111.160.163
651,652,Herbie,Knibley,hknibleyi3@biglobe.ne.jp,Male,72.16.176.99
652,653,Veriee,Eliyahu,veliyahui4@arstechnica.com,Female,56.55.128.239
653,654,Olimpia,Sivewright,osivewrighti5@smh.com.au,Female,201.38.137.195
654,655,Kalle,Zoane,kzoanei6@arizona.edu,Male,79.174.63.250
655,656,Kimberly,Peterken,kpeterkeni7@kickstarter.com,Female,81.108.104.232
656,657,Lilas,Rickford,lrickfordi8@elpais.com,Female,238.194.147.64
657,658,Antonio,Georghiou,ageorghioui9@weather.com,Male,163.43.196.197
658,659,Imogene,Disney,idisneyia@dmoz.org,Female,66.250.195.204
659,660,Dominique,Tesseyman,dtesseymanib@istockphoto.com,Male,7.175.149.109
660,661,Ramsay,Hablot,rhablotic@cocolog-nifty.com,Male,142.127.42.243
661,662,Moritz,Beggini,mbegginiid@fastcompany.com,Male,122.251.23.156
662,663,Robinett,Baudasso,rbaudassoie@bizjournals.com,Female,102.1.195.125
663,664,Andre,Banishevitz,abanishevitzif@ucsd.edu,Male,193.251.118.95
664,665,Aili,Carabine,acarabineig@cam.ac.uk,Female,3.118.92.89
665,666,Philomena,Brumfitt,pbrumfittih@dagondesign.com,Female,230.50.28.252
666,667,Marjie,Forster,mforsterii@state.gov,Female,155.209.179.55
667,668,Pennie,Ciottoi,pciottoiij@usgs.gov,Male,75.8.196.11
668,669,Andros,Widdecombe,awiddecombeik@godaddy.com,Male,253.167.194.115
669,670,Sybila,Sandyfirth,ssandyfirthil@alexa.com,Female,161.244.161.127
670,671,Durward,Alkin,dalkinim@adobe.com,Male,185.79.21.112
671,672,Maximilien,Bonifazio,mbonifazioin@china.com.cn,Male,25.183.246.181
672,673,Cheston,Marner,cmarnerio@disqus.com,Male,228.185.92.23
673,674,Crista,Meran,cmeranip@google.fr,Female,179.228.43.214
674,675,Chrissy,Nassi,cnassiiq@sourceforge.net,Male,240.24.142.121
675,676,Cherianne,Boots,cbootsir@clickbank.net,Female,155.37.154.203
676,677,Nikolai,Corradi,ncorradiis@people.com.cn,Male,45.230.99.215
677,678,Alan,Fritchley,afritchleyit@google.cn,Male,22.191.154.236
678,679,Barton,Atwell,batwelliu@sourceforge.net,Male,147.214.20.148
679,680,Ivy,Stoak,istoakiv@booking.com,Female,16.37.186.179
680,681,Malinda,Tungay,mtungayiw@chicagotribune.com,Female,20.178.93.105
681,682,Lauren,Broadhead,lbroadheadix@addthis.com,Male,191.97.187.16
682,683,Torey,Burnhams,tburnhamsiy@e-recht24.de,Female,31.56.189.98
683,684,Shellie,Spacy,sspacyiz@slideshare.net,Female,51.38.140.167
684,685,Layney,Exter,lexterj0@miitbeian.gov.cn,Female,87.176.219.3
685,686,Estelle,Rainon,erainonj1@rediff.com,Female,71.172.7.116
686,687,Jose,Painten,jpaintenj2@a8.net,Male,58.125.70.83
687,688,Dolf,Murthwaite,dmurthwaitej3@indiatimes.com,Male,163.112.201.52
688,689,Milli,Filan,mfilanj4@latimes.com,Female,71.121.229.76
689,690,Pamella,Cheatle,pcheatlej5@redcross.org,Female,44.122.160.181
690,691,Phillis,Ivermee,pivermeej6@blogspot.com,Female,90.34.109.41
691,692,Mellie,Lemanu,mlemanuj7@indiegogo.com,Female,109.251.243.190
692,693,Stacy,Whodcoat,swhodcoatj8@jalbum.net,Male,0.30.227.73
693,694,Marianne,O'Corren,mocorrenj9@bravesites.com,Female,41.91.72.48
694,695,Alanah,Ebbins,aebbinsja@cbc.ca,Female,250.226.100.174
695,696,Adriano,Sirett,asirettjb@themeforest.net,Male,190.245.40.231
696,697,Monte,Imloch,mimlochjc@usda.gov,Male,68.229.148.127
697,698,Dierdre,Mechell,dmechelljd@un.org,Female,63.84.59.45
698,699,Codie,Gerrelts,cgerreltsje@techcrunch.com,Male,116.211.149.137
699,700,Antonetta,Docharty,adochartyjf@cbslocal.com,Female,251.67.23.8
700,701,Federica,Laux,flauxjg@netlog.com,Female,12.96.0.207
701,702,Claire,Braksper,cbraksperjh@dmoz.org,Female,98.136.67.237
702,703,Morgun,McIlvenny,mmcilvennyji@sfgate.com,Male,234.159.158.57
703,704,Dina,Bigly,dbiglyjj@google.com.hk,Female,233.43.189.113
704,705,Nessa,Pre,nprejk@issuu.com,Female,55.40.87.248
705,706,Barbabas,Burberow,bburberowjl@theguardian.com,Male,127.170.239.190
706,707,Philippine,Showen,pshowenjm@dyndns.org,Female,239.84.72.41
707,708,Elyssa,Hampson,ehampsonjn@spotify.com,Female,56.142.26.97
708,709,Lucio,Nisuis,lnisuisjo@elegantthemes.com,Male,79.111.233.154
709,710,Abraham,Quillinane,aquillinanejp@purevolume.com,Male,56.75.122.134
710,711,Galven,Ranson,gransonjq@house.gov,Male,27.223.226.143
711,712,Addy,Boyet,aboyetjr@spotify.com,Male,90.57.1.225
712,713,Bran,Bilton,bbiltonjs@biblegateway.com,Male,202.36.11.132
713,714,Dion,Castelain,dcastelainjt@rambler.ru,Female,200.19.84.206
714,715,Kevin,Martugin,kmartuginju@dion.ne.jp,Male,185.128.148.247
715,716,Pammi,Jockle,pjocklejv@ameblo.jp,Female,222.125.165.96
716,717,Sawyer,Machans,smachansjw@vimeo.com,Male,179.162.101.85
717,718,Fidelity,Coverley,fcoverleyjx@mozilla.org,Female,121.99.253.228
718,719,Geno,Pennells,gpennellsjy@delicious.com,Male,112.35.128.47
719,720,Barri,Harryman,bharrymanjz@ted.com,Male,143.69.36.158
720,721,Richie,Kaasmann,rkaasmannk0@answers.com,Male,75.52.85.157
721,722,Dukey,Sherer,dshererk1@51.la,Male,126.101.231.212
722,723,Cly,Bangham,cbanghamk2@msu.edu,Male,125.64.31.140
723,724,Brena,Higgonet,bhiggonetk3@cornell.edu,Female,127.71.75.100
724,725,Miner,Ambage,mambagek4@ft.com,Male,75.200.58.127
725,726,Matthaeus,MacTeague,mmacteaguek5@nymag.com,Male,62.5.241.218
726,727,Urbano,Draisey,udraiseyk6@hp.com,Male,31.216.46.9
727,728,Fran,Senyard,fsenyardk7@time.com,Male,42.253.185.49
728,729,Gertie,Covotto,gcovottok8@webnode.com,Female,53.38.17.151
729,730,Hettie,Swynley,hswynleyk9@tamu.edu,Female,219.211.201.42
730,731,Welsh,Latey,wlateyka@columbia.edu,Male,9.3.62.166
731,732,Stevie,Bowcock,sbowcockkb@go.com,Male,1.171.117.137
732,733,Phillipp,Cornell,pcornellkc@un.org,Male,9.223.133.120
733,734,Caryl,Darcey,cdarceykd@ow.ly,Male,200.247.89.216
734,735,Vania,Fairest,vfairestke@buzzfeed.com,Female,197.189.175.95
735,736,Giacopo,Larrad,glarradkf@domainmarket.com,Male,101.101.145.187
736,737,Nolana,Huckel,nhuckelkg@php.net,Female,89.221.187.142
737,738,Cal,Oloshkin,coloshkinkh@blinklist.com,Male,17.199.1.28
738,739,Joanne,Renon,jrenonki@amazonaws.com,Female,46.3.173.134
739,740,El,Dowda,edowdakj@elpais.com,Male,165.136.135.145
740,741,Marin,Geraldini,mgeraldinikk@usda.gov,Female,202.214.159.240
741,742,Lilas,Bachman,lbachmankl@blogger.com,Female,186.162.96.20
742,743,Daphne,Blankett,dblankettkm@cocolog-nifty.com,Female,206.16.101.165
743,744,Dorisa,Bummfrey,dbummfreykn@nhs.uk,Female,41.242.35.16
744,745,Michale,Awdry,mawdryko@nih.gov,Male,2.167.75.118
745,746,Carilyn,Pasterfield,cpasterfieldkp@bigcartel.com,Female,76.41.221.49
746,747,Andrej,Di Biasio,adibiasiokq@abc.net.au,Male,173.74.53.62
747,748,Milli,Michieli,mmichielikr@nbcnews.com,Female,24.1.149.137
748,749,Corly,Cromblehome,ccromblehomeks@ox.ac.uk,Female,105.10.161.233
749,750,Cazzie,Kubat,ckubatkt@youku.com,Male,208.16.155.43
750,751,Irene,Vergo,ivergoku@mapquest.com,Female,254.35.240.28
751,752,Lyndsay,Wellsman,lwellsmankv@buzzfeed.com,Female,56.187.87.134
752,753,Annabela,Riddiford,ariddifordkw@springer.com,Female,10.34.165.107
753,754,Cynde,MacLucais,cmaclucaiskx@163.com,Female,109.43.66.68
754,755,Howard,Lashmar,hlashmarky@amazon.de,Male,123.133.186.22
755,756,Onfroi,Solway,osolwaykz@oakley.com,Male,69.151.159.106
756,757,Wally,Kelbie,wkelbiel0@feedburner.com,Male,199.61.29.184
757,758,Skyler,Ferrini,sferrinil1@51.la,Male,179.5.229.25
758,759,Ede,Royse,eroysel2@tinypic.com,Female,73.134.238.232
759,760,Evie,Duncanson,eduncansonl3@sogou.com,Female,193.107.38.135
760,761,Hubert,Burdoun,hburdounl4@slashdot.org,Male,238.21.92.35
761,762,Barny,Pauwel,bpauwell5@time.com,Male,14.242.26.187
762,763,Lissy,Audas,laudasl6@geocities.jp,Female,183.111.210.231
763,764,Thalia,Giraudoux,tgiraudouxl7@mozilla.org,Female,101.244.150.3
764,765,Thaxter,Durston,tdurstonl8@netscape.com,Male,46.207.200.139
765,766,Cletis,McGraffin,cmcgraffinl9@cnn.com,Male,168.185.14.0
766,767,Osborne,Vere,overela@un.org,Male,249.78.159.188
767,768,Kurtis,Mully,kmullylb@about.com,Male,60.97.242.37
768,769,Molly,Lumox,mlumoxlc@prnewswire.com,Female,190.21.243.19
769,770,Kain,Lyddon,klyddonld@quantcast.com,Male,53.127.68.159
770,771,Susan,Roxburch,sroxburchle@biblegateway.com,Female,200.17.130.183
771,772,Cally,Klesel,cklesellf@washington.edu,Female,247.34.218.47
772,773,Terza,Lemon,tlemonlg@shinystat.com,Female,24.65.205.137
773,774,Meryl,Dandison,mdandisonlh@ucoz.ru,Male,188.234.81.218
774,775,Melina,Palk,mpalkli@youku.com,Female,147.185.123.82
775,776,Lil,Shambrooke,lshambrookelj@chicagotribune.com,Female,62.165.138.172
776,777,Kariotta,Kirkwood,kkirkwoodlk@paginegialle.it,Female,95.83.98.100
777,778,Darcey,Averall,daverallll@is.gd,Female,220.180.19.140
778,779,Myca,McNabb,mmcnabblm@myspace.com,Male,95.175.77.34
779,780,Hendrik,Doorey,hdooreyln@mozilla.org,Male,80.163.126.128
780,781,Hester,Scrammage,hscrammagelo@abc.net.au,Female,80.103.172.164
781,782,Kim,Zanre,kzanrelp@creativecommons.org,Male,193.154.218.68
782,783,Jeddy,Luxford,jluxfordlq@1und1.de,Male,178.130.223.255
783,784,Ottilie,Bransby,obransbylr@elpais.com,Female,158.50.166.78
784,785,Cosimo,Woodcroft,cwoodcroftls@linkedin.com,Male,79.207.108.126
785,786,Laurice,Grigorini,lgrigorinilt@simplemachines.org,Female,133.19.253.191
786,787,Beckie,Dooly,bdoolylu@npr.org,Female,72.49.116.225
787,788,Isidor,Henfre,ihenfrelv@dion.ne.jp,Male,101.152.201.247
788,789,Allie,Falks,afalkslw@blogtalkradio.com,Female,192.250.139.237
789,790,Chrystal,Goede,cgoedelx@webs.com,Female,21.125.241.199
790,791,Nealy,Hadeke,nhadekely@digg.com,Male,121.168.90.139
791,792,Nettle,Adnett,nadnettlz@microsoft.com,Female,44.179.78.122
792,793,Florette,Farrants,ffarrantsm0@wisc.edu,Female,91.18.245.162
793,794,Marney,Seeman,mseemanm1@php.net,Female,16.114.102.34
794,795,Faber,Cadney,fcadneym2@usnews.com,Male,134.178.25.111
795,796,Bealle,Colum,bcolumm3@jiathis.com,Male,135.139.48.213
796,797,Dyna,Humpatch,dhumpatchm4@amazon.com,Female,231.4.96.100
797,798,Skipp,Marris,smarrism5@cbslocal.com,Male,36.46.171.228
798,799,Merrilee,Rauprich,mrauprichm6@behance.net,Female,92.135.203.130
799,800,Lemmie,Whitby,lwhitbym7@desdev.cn,Male,39.45.242.56
800,801,Rhona,Gowdy,rgowdym8@ask.com,Female,140.210.100.88
801,802,Donica,Pettiford,dpettifordm9@bizjournals.com,Female,78.132.116.130
802,803,Wallie,Glanester,wglanesterma@pbs.org,Female,203.128.117.5
803,804,Willabella,Luckie,wluckiemb@live.com,Female,199.141.77.91
804,805,Inger,Jorg,ijorgmc@imdb.com,Female,87.85.69.62
805,806,Benita,Meuse,bmeusemd@cafepress.com,Female,216.172.135.64
806,807,Raine,Cassidy,rcassidyme@google.co.jp,Female,198.140.134.115
807,808,Lyman,Cater,lcatermf@mac.com,Male,114.175.18.166
808,809,Dawn,Broom,dbroommg@1688.com,Female,235.77.206.246
809,810,Mathilda,Garmon,mgarmonmh@seattletimes.com,Female,72.109.92.251
810,811,Ian,Whiting,iwhitingmi@weather.com,Male,34.130.125.107
811,812,Klarika,Berardt,kberardtmj@sphinn.com,Female,152.81.248.118
812,813,Silvana,Syers,ssyersmk@bing.com,Female,224.130.136.63
813,814,Mendel,Ander,manderml@about.com,Male,41.154.142.58
814,815,Ab,Bayman,abaymanmm@com.com,Male,99.37.9.195
815,816,Stefan,Cathro,scathromn@fastcompany.com,Male,34.121.9.109
816,817,Merissa,Campaigne,mcampaignemo@diigo.com,Female,69.62.45.199
817,818,Anthony,Emberson,aembersonmp@dedecms.com,Male,217.39.243.202
818,819,Blane,Fenna,bfennamq@friendfeed.com,Male,37.103.88.132
819,820,Chantal,Friedenbach,cfriedenbachmr@comsenz.com,Female,0.87.209.239
820,821,Spence,Stranks,sstranksms@stumbleupon.com,Male,183.131.116.127
821,822,Emmet,Oliver,eolivermt@intel.com,Male,158.86.106.189
822,823,Melinde,Comello,mcomellomu@zdnet.com,Female,29.182.103.199
823,824,Inessa,Deeson,ideesonmv@redcross.org,Female,110.127.28.152
824,825,Marilyn,Semble,msemblemw@latimes.com,Female,44.184.150.21
825,826,Claire,Ruckhard,cruckhardmx@rakuten.co.jp,Male,64.163.93.237
826,827,Karl,Bibb,kbibbmy@miitbeian.gov.cn,Male,248.135.225.207
827,828,Burty,Greeve,bgreevemz@privacy.gov.au,Male,130.57.156.0
828,829,Selena,Kiledal,skiledaln0@admin.ch,Female,58.93.121.35
829,830,Maxine,Manntschke,mmanntschken1@arizona.edu,Female,34.53.14.79
830,831,Lona,Rowth,lrowthn2@theguardian.com,Female,81.192.62.23
831,832,Frankie,Peacock,fpeacockn3@blogspot.com,Female,19.236.43.47
832,833,Clarisse,Laming,clamingn4@printfriendly.com,Female,144.218.32.32
833,834,Kelli,Hudspith,khudspithn5@telegraph.co.uk,Female,144.241.212.51
834,835,Frieda,Tanzig,ftanzign6@amazon.co.jp,Female,246.134.173.75
835,836,Latrina,Szymczyk,lszymczykn7@stanford.edu,Female,54.221.23.17
836,837,Ivonne,Ximenez,iximenezn8@quantcast.com,Female,4.19.60.43
837,838,Wheeler,Hazell,whazelln9@amazon.com,Male,144.185.3.137
838,839,Kathye,MacSkeaghan,kmacskeaghanna@nationalgeographic.com,Female,205.11.11.234
839,840,Clarence,Hedger,chedgernb@flickr.com,Male,207.115.163.237
840,841,Felipa,Trase,ftrasenc@flavors.me,Female,190.204.58.204
841,842,Linoel,Lazell,llazellnd@google.ca,Male,38.224.207.203
842,843,Sharona,Sailes,ssailesne@dailymail.co.uk,Female,120.25.85.101
843,844,Erek,Hamman,ehammannf@cocolog-nifty.com,Male,37.108.121.69
844,845,Saunder,Gallyhaock,sgallyhaockng@fc2.com,Male,15.127.153.85
845,846,Jordain,Dray,jdraynh@mac.com,Female,202.156.203.49
846,847,Garv,Kinner,gkinnerni@nba.com,Male,241.53.72.91
847,848,Sigismundo,Sorrie,ssorrienj@tmall.com,Male,78.198.203.190
848,849,Madelina,Jadczak,mjadczaknk@phpbb.com,Female,199.75.31.117
849,850,Evangelin,Crichmere,ecrichmerenl@twitter.com,Female,62.162.120.195
850,851,Hobart,Smith,hsmithnm@nba.com,Male,16.68.92.215
851,852,Amaleta,Storah,astorahnn@usda.gov,Female,58.250.115.15
852,853,Pollyanna,Fitchet,pfitchetno@t.co,Female,144.37.66.34
853,854,Mil,Larrington,mlarringtonnp@wired.com,Female,68.185.251.92
854,855,Halie,Sprouls,hsproulsnq@wiley.com,Female,99.111.13.232
855,856,Eleanore,Kestell,ekestellnr@va.gov,Female,142.249.178.40
856,857,Kinna,Cathee,kcatheens@imgur.com,Female,120.43.171.195
857,858,Lemmie,Bonehill,lbonehillnt@yahoo.com,Male,233.81.89.208
858,859,Freeland,Chatterton,fchattertonnu@sciencedaily.com,Male,52.60.209.113
859,860,Elladine,Hilling,ehillingnv@people.com.cn,Female,105.135.92.120
860,861,Noelani,Cowperthwaite,ncowperthwaitenw@studiopress.com,Female,75.196.19.84
861,862,Linoel,Dounbare,ldounbarenx@hubpages.com,Male,63.71.118.33
862,863,Jozef,Aslin,jaslinny@adobe.com,Male,61.75.42.193
863,864,Lou,Plues,lpluesnz@google.co.jp,Male,146.161.70.58
864,865,Vina,Mearing,vmearingo0@telegraph.co.uk,Female,72.164.211.247
865,866,Ellis,Reckus,ereckuso1@tuttocitta.it,Male,237.141.193.27
866,867,Alanson,Gerb,agerbo2@dion.ne.jp,Male,141.52.172.110
867,868,Lea,Cicccitti,lcicccittio3@amazon.de,Female,25.12.248.42
868,869,Leslie,Loveridge,lloveridgeo4@acquirethisname.com,Male,198.146.146.81
869,870,Mathian,Conre,mconreo5@slashdot.org,Male,88.201.240.220
870,871,Emmalynn,Padillo,epadilloo6@nydailynews.com,Female,161.185.175.244
871,872,Andros,Beuscher,abeuschero7@eepurl.com,Male,205.114.107.181
872,873,Zedekiah,Cutbush,zcutbusho8@sbwire.com,Male,75.20.18.5
873,874,Humfrid,Hansie,hhansieo9@omniture.com,Male,198.79.179.175
874,875,Nanni,Cumine,ncumineoa@123-reg.co.uk,Female,178.81.87.46
875,876,Meier,Kinzel,mkinzelob@mediafire.com,Male,101.70.197.175
876,877,Gibby,Waterson,gwatersonoc@state.tx.us,Male,199.75.226.29
877,878,Joey,Hattam,jhattamod@imgur.com,Female,34.49.110.191
878,879,Kitty,Fishwick,kfishwickoe@histats.com,Female,166.225.94.179
879,880,Ann-marie,Jovicic,ajovicicof@so-net.ne.jp,Female,109.14.142.154
880,881,Klaus,Abotson,kabotsonog@topsy.com,Male,9.132.197.39
881,882,Wendie,Water,wwateroh@reference.com,Female,191.18.197.106
882,883,Penrod,Cawdell,pcawdelloi@latimes.com,Male,49.248.187.16
883,884,Chase,Beddoe,cbeddoeoj@tripod.com,Male,97.73.168.88
884,885,Codie,Ommanney,commanneyok@wsj.com,Male,39.177.198.32
885,886,Fae,Gosnell,fgosnellol@nhs.uk,Female,245.17.236.79
886,887,Aylmar,Bothie,abothieom@imgur.com,Male,151.45.180.131
887,888,Milo,Suthren,msuthrenon@nature.com,Male,167.100.186.96
888,889,Danya,Jobson,djobsonoo@ca.gov,Male,194.77.116.141
889,890,Orville,Takis,otakisop@hatena.ne.jp,Male,232.134.36.88
890,891,Sydney,Eseler,seseleroq@kickstarter.com,Male,64.99.235.198
891,892,Fanni,Trobridge,ftrobridgeor@pen.io,Female,221.114.87.182
892,893,Bradly,Drowsfield,bdrowsfieldos@sakura.ne.jp,Male,69.9.218.146
893,894,Davey,Rey,dreyot@diigo.com,Male,125.44.217.17
894,895,Normy,Mendez,nmendezou@mozilla.org,Male,88.249.74.204
895,896,Marcel,Stoile,mstoileov@epa.gov,Male,11.156.91.248
896,897,Allison,Farrears,afarrearsow@merriam-webster.com,Female,185.198.53.113
897,898,Rube,Abyss,rabyssox@tinypic.com,Male,100.112.56.106
898,899,Lacie,Karpol,lkarpoloy@squarespace.com,Female,155.115.212.73
899,900,Wendall,Glasser,wglasseroz@symantec.com,Male,219.26.75.38
900,901,Maudie,Mertin,mmertinp0@netscape.com,Female,76.133.119.223
901,902,Merl,Harry,mharryp1@live.com,Female,65.56.243.27
902,903,Kathryne,Matfin,kmatfinp2@shutterfly.com,Female,82.52.235.132
903,904,Geraldine,Duffree,gduffreep3@accuweather.com,Female,41.239.167.95
904,905,Yettie,Beddard,ybeddardp4@dion.ne.jp,Female,10.214.90.196
905,906,Monique,Erskine Sandys,merskinesandysp5@mtv.com,Female,86.89.220.201
906,907,Candace,Bendik,cbendikp6@cnn.com,Female,200.153.153.14
907,908,Darin,Latore,dlatorep7@utexas.edu,Male,187.216.227.122
908,909,Richy,Kliemke,rkliemkep8@globo.com,Male,123.6.26.236
909,910,Eadith,Windibank,ewindibankp9@prlog.org,Female,47.198.66.13
910,911,Trude,Crole,tcrolepa@wufoo.com,Female,195.75.156.237
911,912,Fredrika,Stolli,fstollipb@github.com,Female,63.49.245.217
912,913,Padget,Harrad,pharradpc@msu.edu,Male,1.243.129.180
913,914,Hussein,Jeste,hjestepd@wikimedia.org,Male,175.56.182.72
914,915,Celene,Dachey,cdacheype@umn.edu,Female,92.156.150.60
915,916,Waite,Calender,wcalenderpf@vkontakte.ru,Male,187.172.241.44
916,917,Ara,Rumgay,arumgaypg@unc.edu,Male,69.206.129.248
917,918,Rice,Wheelton,rwheeltonph@mayoclinic.com,Male,131.56.114.121
918,919,Jarrad,Krout,jkroutpi@unesco.org,Male,28.242.170.202
919,920,Hirsch,Deevey,hdeeveypj@alexa.com,Male,207.221.9.64
920,921,Merv,McMichael,mmcmichaelpk@devhub.com,Male,214.97.198.176
921,922,Cloris,Liles,clilespl@bloomberg.com,Female,62.166.17.187
922,923,Whit,Buchanan,wbuchananpm@mayoclinic.com,Male,52.52.223.225
923,924,Tiphany,Snaith,tsnaithpn@sitemeter.com,Female,144.189.111.120
924,925,Georgie,Brew,gbrewpo@sfgate.com,Male,186.38.47.65
925,926,Mireille,Pinson,mpinsonpp@privacy.gov.au,Female,53.62.10.112
926,927,Matthias,Addinall,maddinallpq@deviantart.com,Male,83.215.36.21
927,928,Petr,Sancho,psanchopr@csmonitor.com,Male,70.236.149.11
928,929,Axel,Ducarne,aducarneps@thetimes.co.uk,Male,105.139.30.65
929,930,Phineas,Terrelly,pterrellypt@google.de,Male,149.57.59.240
930,931,Augusto,Densham,adenshampu@desdev.cn,Male,216.139.104.115
931,932,Xerxes,Howells,xhowellspv@jalbum.net,Male,193.192.149.191
932,933,Carlin,Burnet,cburnetpw@state.gov,Male,123.132.53.178
933,934,Maddalena,Roddell,mroddellpx@economist.com,Female,252.119.234.221
934,935,Georgie,Stopper,gstopperpy@webmd.com,Male,113.71.81.213
935,936,Tomaso,Smaile,tsmailepz@marketwatch.com,Male,37.236.187.10
936,937,Laurens,Drake,ldrakeq0@ucoz.ru,Male,106.69.140.2
937,938,Haywood,Blatherwick,hblatherwickq1@gravatar.com,Male,52.172.237.246
938,939,Mylo,Maytum,mmaytumq2@technorati.com,Male,60.232.195.237
939,940,Earvin,Atwool,eatwoolq3@gravatar.com,Male,228.218.117.170
940,941,Floris,Figin,ffiginq4@xing.com,Female,73.226.87.87
941,942,Consolata,Joel,cjoelq5@marriott.com,Female,242.231.237.207
942,943,Barron,Byford,bbyfordq6@eepurl.com,Male,234.58.238.132
943,944,Maddy,Cattonnet,mcattonnetq7@paypal.com,Male,41.35.142.72
944,945,Evin,Sylvester,esylvesterq8@disqus.com,Male,209.179.125.167
945,946,Goldarina,Hodgen,ghodgenq9@yale.edu,Female,141.214.63.41
946,947,Arny,Dunsleve,adunsleveqa@apache.org,Male,178.246.120.18
947,948,Saul,Silbert,ssilbertqb@google.it,Male,229.217.138.61
948,949,Gualterio,Pymer,gpymerqc@seesaa.net,Male,14.224.188.249
949,950,Steve,Heindl,sheindlqd@cpanel.net,Male,227.82.3.228
950,951,Edan,Bulluck,ebulluckqe@squidoo.com,Male,123.82.30.106
951,952,Logan,Rispin,lrispinqf@independent.co.uk,Male,185.214.181.43
952,953,Alexina,McAlindon,amcalindonqg@surveymonkey.com,Female,28.123.62.83
953,954,Perl,Weinham,pweinhamqh@arizona.edu,Female,27.222.22.200
954,955,Chastity,Hamson,chamsonqi@vk.com,Female,125.135.186.194
955,956,Cristen,Josefsohn,cjosefsohnqj@de.vu,Female,36.9.38.2
956,957,Jeremie,Danet,jdanetqk@answers.com,Male,190.144.96.130
957,958,Fanchon,Diem,fdiemql@umich.edu,Female,100.242.105.165
958,959,Augustine,Rickersy,arickersyqm@geocities.jp,Female,42.19.248.4
959,960,Myca,Cullivan,mcullivanqn@marriott.com,Male,193.88.60.35
960,961,Stoddard,Demaid,sdemaidqo@google.com.br,Female,234.199.103.172
961,962,Pennie,O'Neill,poneillqp@goodreads.com,Female,203.77.217.46
962,963,Elsa,Swannie,eswannieqq@eepurl.com,Female,57.80.15.97
963,964,Dwight,Cornwell,dcornwellqr@irs.gov,Male,39.131.219.187
964,965,Erinn,Strickler,estricklerqs@ucsd.edu,Female,121.190.151.153
965,966,Tomlin,Antoney,tantoneyqt@bloglovin.com,Male,78.247.132.193
966,967,Jefferson,Robley,jrobleyqu@google.de,Male,78.116.203.123
967,968,Rockwell,Teape,rteapeqv@sakura.ne.jp,Male,35.1.163.235
968,969,Austin,Parkhouse,aparkhouseqw@yelp.com,Male,15.232.137.236
969,970,Breanne,Halworth,bhalworthqx@liveinternet.ru,Female,180.48.65.136
970,971,Silvan,Highway,shighwayqy@narod.ru,Male,91.2.28.225
971,972,Decca,Dukesbury,ddukesburyqz@netvibes.com,Male,103.148.205.254
972,973,Orelle,Ramelot,oramelotr0@indiatimes.com,Female,242.71.229.199
973,974,Delly,Miliffe,dmiliffer1@newyorker.com,Female,82.209.186.62
974,975,Jessi,Holtum,jholtumr2@kickstarter.com,Female,254.210.255.111
975,976,Mechelle,Kovnot,mkovnotr3@cafepress.com,Female,60.212.62.200
976,977,Retha,Lief,rliefr4@google.ca,Female,100.168.242.68
977,978,Hulda,Petken,hpetkenr5@csmonitor.com,Female,143.122.233.29
978,979,Gerhard,Leman,glemanr6@exblog.jp,Male,5.254.233.117
979,980,Osmund,Klemps,oklempsr7@businessinsider.com,Male,61.77.26.47
980,981,Yasmin,Greally,ygreallyr8@imgur.com,Female,181.85.117.20
981,982,Emelyne,Quibell,equibellr9@redcross.org,Female,108.37.30.241
982,983,Lorinda,Britzius,lbritziusra@nymag.com,Female,222.128.56.2
983,984,Misti,Latty,mlattyrb@icq.com,Female,183.59.162.88
984,985,Alverta,Norcross,anorcrossrc@yolasite.com,Female,198.118.36.67
985,986,Kellen,Batrim,kbatrimrd@photobucket.com,Male,103.198.108.218
986,987,Willow,Harcourt,wharcourtre@imgur.com,Female,174.219.158.181
987,988,Tobias,Reichhardt,treichhardtrf@weibo.com,Male,235.200.156.44
988,989,Land,Pregal,lpregalrg@prlog.org,Male,55.76.243.206
989,990,Kenna,Libbie,klibbierh@altervista.org,Female,15.201.13.1
990,991,Rollie,Deare,rdeareri@t-online.de,Male,126.173.8.181
991,992,Noach,Ummfrey,nummfreyrj@123-reg.co.uk,Male,92.40.120.230
992,993,Toddie,Moorton,tmoortonrk@clickbank.net,Male,40.154.7.163
993,994,Shannon,Marcussen,smarcussenrl@dropbox.com,Female,241.52.104.225
994,995,Dusty,Blumson,dblumsonrm@unc.edu,Female,14.14.174.232
995,996,Germain,Severns,gsevernsrn@mapy.cz,Male,221.171.215.117
996,997,Dion,Keyes,dkeyesro@craigslist.org,Male,232.50.225.127
997,998,Dunc,Malam,dmalamrp@jiathis.com,Male,145.123.108.224
998,999,Noami,Aitken,naitkenrq@spotify.com,Female,31.54.238.205
999,1000,Cyndi,Rosi,crosirr@unblog.fr,Female,57.195.42.136
